timestamp,sender,message
2026-08-01 18:10:00,me,你上次说的展览快结束了，要不要一起去？
2026-08-01 18:25:00,other,想去，不过这周项目交付，我周末前会很慢回。
2026-08-01 18:29:00,me,没事，你先忙项目。
2026-08-03 20:12:00,other,今天才腾出空看手机，抱歉回得晚。
2026-08-03 20:13:00,other,周六四点我能去展览，你可以吗？
2026-08-03 20:20:00,me,可以，周六四点展馆门口见。
2026-08-03 20:24:00,other,好，我周五再跟你确认一次。
2026-08-05 22:11:00,me,你那边交付顺利吗？
2026-08-06 08:02:00,other,还在收尾，今天会比较忙。谢谢你惦记。
2026-08-06 08:05:00,me,好，别着急回。
2026-08-07 19:16:00,other,交上去了。明天四点不变，我已经买好票。
2026-08-07 19:20:00,me,太好了，明天见。
2026-08-08 16:02:00,other,我到门口了，你在哪边？
2026-08-08 16:04:00,me,我在海报旁边，看到你了。
2026-08-08 21:42:00,other,今天看完挺开心的，下次去吃你提过的那家面？
2026-08-08 21:47:00,me,好啊，下周找一天。
2026-08-10 20:21:00,other,这周三晚上我有空，要不要去？
2026-08-10 20:26:00,me,可以，七点怎么样？
2026-08-10 20:29:00,other,七点行，我周三直接过去。
